{
  "sample_count": 37,
  "original_scores_stats": {
    "average": 2.7027027027027026,
    "median": 2.0,
    "min": 2.0,
    "max": 5.0
  },
  "adversarial_scores_stats": {
    "average": 2.4594594594594597,
    "median": 2.0,
    "min": 1.0,
    "max": 5.0
  },
  "comparison_stats": {
    "average_difference_orig_minus_adv": 0.24324324324324326,
    "count_adv_worse_than_orig": 10,
    "percent_adv_worse": 27.027027027027028,
    "count_adv_same_as_orig": 26,
    "percent_adv_same": 70.27027027027027,
    "count_adv_better_than_orig": 1,
    "percent_adv_better": 2.7027027027027026
  }
}